{"model":{"type":"minecraft:range_dispatch","property":"minecraft:custom_model_data","entries":[{"threshold":0.0,"model":{"type":"minecraft:model","model":"nova:gen_model/2898"}},{"threshold":0.0625,"model":{"type":"minecraft:model","model":"nova:gen_model/2899"}},{"threshold":0.125,"model":{"type":"minecraft:model","model":"nova:gen_model/2900"}},{"threshold":0.1875,"model":{"type":"minecraft:model","model":"nova:gen_model/2901"}},{"threshold":0.25,"model":{"type":"minecraft:model","model":"nova:gen_model/2902"}},{"threshold":0.3125,"model":{"type":"minecraft:model","model":"nova:gen_model/2903"}},{"threshold":0.375,"model":{"type":"minecraft:model","model":"nova:gen_model/2904"}},{"threshold":0.4375,"model":{"type":"minecraft:model","model":"nova:gen_model/2905"}},{"threshold":0.5,"model":{"type":"minecraft:model","model":"nova:gen_model/2906"}},{"threshold":0.5625,"model":{"type":"minecraft:model","model":"nova:gen_model/2907"}},{"threshold":0.625,"model":{"type":"minecraft:model","model":"nova:gen_model/2908"}},{"threshold":0.6875,"model":{"type":"minecraft:model","model":"nova:gen_model/2909"}},{"threshold":0.75,"model":{"type":"minecraft:model","model":"nova:gen_model/2910"}},{"threshold":0.8125,"model":{"type":"minecraft:model","model":"nova:gen_model/2911"}},{"threshold":0.875,"model":{"type":"minecraft:model","model":"nova:gen_model/2912"}},{"threshold":0.9375,"model":{"type":"minecraft:model","model":"nova:gen_model/2913"}},{"threshold":1.0,"model":{"type":"minecraft:model","model":"nova:gen_model/2914"}}]}}