{"model":{"type":"minecraft:range_dispatch","property":"minecraft:custom_model_data","entries":[{"threshold":0.0,"model":{"type":"minecraft:model","model":"nova:gen_model/2915"}},{"threshold":0.0625,"model":{"type":"minecraft:model","model":"nova:gen_model/2916"}},{"threshold":0.125,"model":{"type":"minecraft:model","model":"nova:gen_model/2917"}},{"threshold":0.1875,"model":{"type":"minecraft:model","model":"nova:gen_model/2918"}},{"threshold":0.25,"model":{"type":"minecraft:model","model":"nova:gen_model/2919"}},{"threshold":0.3125,"model":{"type":"minecraft:model","model":"nova:gen_model/2920"}},{"threshold":0.375,"model":{"type":"minecraft:model","model":"nova:gen_model/2921"}},{"threshold":0.4375,"model":{"type":"minecraft:model","model":"nova:gen_model/2922"}},{"threshold":0.5,"model":{"type":"minecraft:model","model":"nova:gen_model/2923"}},{"threshold":0.5625,"model":{"type":"minecraft:model","model":"nova:gen_model/2924"}},{"threshold":0.625,"model":{"type":"minecraft:model","model":"nova:gen_model/2925"}},{"threshold":0.6875,"model":{"type":"minecraft:model","model":"nova:gen_model/2926"}},{"threshold":0.75,"model":{"type":"minecraft:model","model":"nova:gen_model/2927"}},{"threshold":0.8125,"model":{"type":"minecraft:model","model":"nova:gen_model/2928"}},{"threshold":0.875,"model":{"type":"minecraft:model","model":"nova:gen_model/2929"}},{"threshold":0.9375,"model":{"type":"minecraft:model","model":"nova:gen_model/2930"}},{"threshold":1.0,"model":{"type":"minecraft:model","model":"nova:gen_model/2931"}}]}}