{"model":{"type":"minecraft:range_dispatch","property":"minecraft:custom_model_data","entries":[{"threshold":0.0,"model":{"type":"minecraft:model","model":"nova:gen_model/2947"}},{"threshold":0.125,"model":{"type":"minecraft:model","model":"nova:gen_model/2948"}},{"threshold":0.25,"model":{"type":"minecraft:model","model":"nova:gen_model/2949"}},{"threshold":0.375,"model":{"type":"minecraft:model","model":"nova:gen_model/2950"}},{"threshold":0.5,"model":{"type":"minecraft:model","model":"nova:gen_model/2951"}},{"threshold":0.625,"model":{"type":"minecraft:model","model":"nova:gen_model/2952"}},{"threshold":0.75,"model":{"type":"minecraft:model","model":"nova:gen_model/2953"}},{"threshold":0.875,"model":{"type":"minecraft:model","model":"nova:gen_model/2954"}},{"threshold":1.0,"model":{"type":"minecraft:model","model":"nova:gen_model/2955"}}]}}